<?xml version="1.0" encoding="UTF-8"?>
<sbml xmlns="http://www.sbml.org/sbml/level2/version4" level="2" version="4">
  <model id="aggregate">
    <listOfCompartments>
      <compartment id="Default" size="1" constant="true"/>
    </listOfCompartments>
    <listOfSpecies>
      <species id="Th0" name="Th0" compartment="Default" initialConcentration="1000000" boundaryCondition="false" constant="false"/>
      <species id="Th2" name="Th2" compartment="Default" initialConcentration="0" boundaryCondition="false" constant="false"/>
      <species id="IL13" name="IL13" compartment="Default" initialConcentration="0" boundaryCondition="false" constant="false"/>
      <species id="IL5" name="IL5" compartment="Default" initialConcentration="0" boundaryCondition="false" constant="false"/>
      <species id="IL10" name="IL10" compartment="Default" initialConcentration="0" boundaryCondition="false" constant="false"/>
    </listOfSpecies>
    <listOfParameters>
      <parameter id="IL2_ex" value="0" constant="false"/>
      <parameter id="IL4_ex" value="0" constant="false"/>
      <parameter id="Keff_pro_th2_il2" value="1314.642" constant="false"/>
      <parameter id="Keff_th0_to_th2_cd28" value="4400860267.4404" constant="false"/>
      <parameter id="Keff_th0_to_th2_il4" value="213.6546" constant="false"/>
      <parameter id="Mr_acd28" value="155000" constant="false"/>
      <parameter id="Mr_acd3" value="155000" constant="false"/>
      <parameter id="Mr_il10" value="19000" constant="false"/>
      <parameter id="Mr_il13" value="13000" constant="false"/>
      <parameter id="Mr_il2" value="15000" constant="false"/>
      <parameter id="Mr_il4" value="15000" constant="false"/>
      <parameter id="Mr_il5" value="26000" constant="false"/>
      <parameter id="aCD28" value="0" constant="false"/>
      <parameter id="aCD3" value="0" constant="false"/>
      <parameter id="k_apo_th0" value="0.005270237" constant="false"/>
      <parameter id="k_apo_th2" value="0.197" constant="false"/>
      <parameter id="k_pro_th2" value="0.1432" constant="false"/>
      <parameter id="k_syn_il10_th2" value="0.0001294404" constant="false"/>
      <parameter id="k_syn_il13_th2" value="0.00219332" constant="false"/>
      <parameter id="k_syn_il5_th2" value="6.110408e-005" constant="false"/>
      <parameter id="k_th0_to_th2" value="1.849871e-007" constant="false"/>
      <parameter id="t" value="0" constant="true"/>
      <parameter id="IL4_pos_cells" value="0" constant="false"/>
      <parameter id="CD28" value="0" constant="false"/>
      <parameter id="IL5_ng_ml" value="0" constant="false"/>
      <parameter id="IL10_ng_ml" value="0" constant="false"/>
      <parameter id="IL13_ng_ml" value="0" constant="false"/>
    </listOfParameters>
    <listOfRules>
      <assignmentRule variable="IL4_pos_cells">
        <math xmlns="http://www.w3.org/1998/Math/MathML">
          <apply>
            <divide/>
            <apply>
              <times/>
              <ci> Th2 </ci>
              <cn type="e-notation"> 1 <sep/> 2 </cn>
            </apply>
            <apply>
              <plus/>
              <ci> Th2 </ci>
              <ci> Th0 </ci>
            </apply>
          </apply>
        </math>
      </assignmentRule>
      <assignmentRule variable="CD28">
        <math xmlns="http://www.w3.org/1998/Math/MathML">
          <ci> Th0 </ci>
        </math>
      </assignmentRule>
      <assignmentRule variable="IL5_ng_ml">
        <math xmlns="http://www.w3.org/1998/Math/MathML">
          <apply>
            <divide/>
            <apply>
              <times/>
              <ci> IL5 </ci>
              <ci> Mr_il5 </ci>
            </apply>
            <cn type="e-notation"> 1 <sep/> 6 </cn>
          </apply>
        </math>
      </assignmentRule>
      <assignmentRule variable="IL10_ng_ml">
        <math xmlns="http://www.w3.org/1998/Math/MathML">
          <apply>
            <divide/>
            <apply>
              <times/>
              <ci> IL10 </ci>
              <ci> Mr_il10 </ci>
            </apply>
            <cn type="e-notation"> 1 <sep/> 6 </cn>
          </apply>
        </math>
      </assignmentRule>
      <assignmentRule variable="IL13_ng_ml">
        <math xmlns="http://www.w3.org/1998/Math/MathML">
          <apply>
            <divide/>
            <apply>
              <times/>
              <ci> IL13 </ci>
              <ci> Mr_il13 </ci>
            </apply>
            <cn type="e-notation"> 1 <sep/> 6 </cn>
          </apply>
        </math>
      </assignmentRule>
    </listOfRules>
    <listOfReactions>
      <reaction id="V_apo_th0" name="V_apo_th0" reversible="false" fast="true">
        <listOfReactants>
          <speciesReference species="Th0" stoichiometry="1"/>
        </listOfReactants>
        <kineticLaw>
          <math xmlns="http://www.w3.org/1998/Math/MathML">
            <apply>
              <times/>
              <ci> k_apo_th0 </ci>
              <ci> Th0 </ci>
            </apply>
          </math>
        </kineticLaw>
      </reaction>
      <reaction id="V_th0_to_th2" name="V_th0_to_th2" reversible="false" fast="true">
        <listOfReactants>
          <speciesReference species="Th0" stoichiometry="1"/>
        </listOfReactants>
        <listOfProducts>
          <speciesReference species="Th2" stoichiometry="1"/>
        </listOfProducts>
        <kineticLaw>
          <math xmlns="http://www.w3.org/1998/Math/MathML">
            <apply>
              <times/>
              <ci> k_th0_to_th2 </ci>
              <ci> Th0 </ci>
              <apply>
                <divide/>
                <apply>
                  <times/>
                  <ci> aCD3 </ci>
                  <cn type="e-notation"> 1 <sep/> 6 </cn>
                </apply>
                <ci> Mr_acd3 </ci>
              </apply>
              <apply>
                <plus/>
                <cn type="e-notation"> 1 <sep/> 0 </cn>
                <apply>
                  <divide/>
                  <apply>
                    <times/>
                    <apply>
                      <divide/>
                      <apply>
                        <times/>
                        <ci> aCD28 </ci>
                        <cn type="e-notation"> 1 <sep/> 6 </cn>
                      </apply>
                      <ci> Mr_acd28 </ci>
                    </apply>
                    <ci> CD28 </ci>
                  </apply>
                  <ci> Keff_th0_to_th2_cd28 </ci>
                </apply>
              </apply>
              <apply>
                <plus/>
                <cn type="e-notation"> 1 <sep/> 0 </cn>
                <apply>
                  <divide/>
                  <apply>
                    <divide/>
                    <apply>
                      <times/>
                      <ci> IL4_ex </ci>
                      <cn type="e-notation"> 1 <sep/> 6 </cn>
                    </apply>
                    <ci> Mr_il4 </ci>
                  </apply>
                  <ci> Keff_th0_to_th2_il4 </ci>
                </apply>
              </apply>
            </apply>
          </math>
        </kineticLaw>
      </reaction>
      <reaction id="V_pro_th2" name="V_pro_th2" reversible="false" fast="true">
        <listOfProducts>
          <speciesReference species="Th2" stoichiometry="1"/>
        </listOfProducts>
        <kineticLaw>
          <math xmlns="http://www.w3.org/1998/Math/MathML">
            <apply>
              <times/>
              <ci> k_pro_th2 </ci>
              <ci> Th2 </ci>
              <apply>
                <plus/>
                <cn type="e-notation"> 1 <sep/> 0 </cn>
                <apply>
                  <divide/>
                  <apply>
                    <divide/>
                    <apply>
                      <times/>
                      <ci> IL2_ex </ci>
                      <cn type="e-notation"> 1 <sep/> 6 </cn>
                    </apply>
                    <ci> Mr_il2 </ci>
                  </apply>
                  <ci> Keff_pro_th2_il2 </ci>
                </apply>
              </apply>
            </apply>
          </math>
        </kineticLaw>
      </reaction>
      <reaction id="V_apo_th2" name="V_apo_th2" reversible="false" fast="true">
        <listOfReactants>
          <speciesReference species="Th2" stoichiometry="1"/>
        </listOfReactants>
        <kineticLaw>
          <math xmlns="http://www.w3.org/1998/Math/MathML">
            <apply>
              <times/>
              <ci> k_apo_th2 </ci>
              <ci> Th2 </ci>
            </apply>
          </math>
        </kineticLaw>
      </reaction>
      <reaction id="V_syn_il13_th2" name="V_syn_il13_th2" reversible="false" fast="true">
        <listOfProducts>
          <speciesReference species="IL13" stoichiometry="1"/>
        </listOfProducts>
        <listOfModifiers>
          <modifierSpeciesReference species="Th2"/>
        </listOfModifiers>
        <kineticLaw>
          <math xmlns="http://www.w3.org/1998/Math/MathML">
            <apply>
              <times/>
              <ci> k_syn_il13_th2 </ci>
              <ci> Th2 </ci>
            </apply>
          </math>
        </kineticLaw>
      </reaction>
      <reaction id="V_syn_il5_th2" name="V_syn_il5_th2" reversible="false" fast="true">
        <listOfProducts>
          <speciesReference species="IL5" stoichiometry="1"/>
        </listOfProducts>
        <listOfModifiers>
          <modifierSpeciesReference species="Th2"/>
        </listOfModifiers>
        <kineticLaw>
          <math xmlns="http://www.w3.org/1998/Math/MathML">
            <apply>
              <times/>
              <ci> k_syn_il5_th2 </ci>
              <ci> Th2 </ci>
            </apply>
          </math>
        </kineticLaw>
      </reaction>
      <reaction id="V_syn_il10_th2" name="V_syn_il10_th2" reversible="false" fast="true">
        <listOfProducts>
          <speciesReference species="IL10" stoichiometry="1"/>
        </listOfProducts>
        <listOfModifiers>
          <modifierSpeciesReference species="Th2"/>
        </listOfModifiers>
        <kineticLaw>
          <math xmlns="http://www.w3.org/1998/Math/MathML">
            <apply>
              <times/>
              <ci> k_syn_il10_th2 </ci>
              <ci> Th2 </ci>
            </apply>
          </math>
        </kineticLaw>
      </reaction>
    </listOfReactions>
  </model>
</sbml>
